{"rooms":[{"id":"courtyard","frameWidth":320,"width":480,"height":200,"background":[{"parallax":0,"imageId":"SKY"},{"parallax":0.1,"imageId":"hillside.png"},{"parallax":1,"imageId":"courtyard.png"}],"hotspots":[{"type":"hotspot","x":251,"y":36,"polygon":[[0,0],[-8,75],[16,82],[29,68],[31,48],[31,26],[29,13],[25,-8]],"id":"MAIN_GATE","name":"gate","parallax":1,"walkToX":328,"walkToY":20}],"obstacleAreas":[],"walkableAreas":[{"x":62,"y":0,"polygon":[[0,0],[1,10],[64,13],[77,13],[135,37],[227,24],[278,38],[296,40],[292,24],[291,15],[364,10],[364,1]]}],"scaling":[[0,1],[35,0.8]]},{"id":"greathall","frameWidth":320,"width":320,"height":200,"background":[{"parallax":0,"imageId":"outline.png"},{"parallax":1.05,"imageId":"banners.png"}],"hotspots":[{"type":"hotspot","x":275,"y":38,"polygon":[[0,0],[-6,12],[-6,75],[6,85],[12,79],[20,69],[23,57],[22,34],[22,-17]],"id":"stairs-up","name":"stairs","parallax":1,"walkToX":270,"walkToY":38}],"obstacleAreas":[{"x":41,"y":43,"circle":17},{"x":203,"y":33,"polygon":[[-17,1],[-14,-9],[-1,-14],[26,-14],[49,-14],[62,-4],[54,12],[45,18],[-10,17]],"ref":"armour","disabled":true}],"walkableAreas":[{"x":68,"y":63,"polygon":[[0,0],[188,0],[251,-63],[-69,-63],[-40,-21],[-13,-23]]}],"scaling":[[0,1],[65,0.9]]},{"id":"upstairs","frameWidth":320,"width":400,"height":200,"background":[{"parallax":0,"imageId":"SKY"},{"parallax":0.25,"imageId":"hillside.png"},{"parallax":1,"imageId":"kitchen.png"},{"parallax":2,"imageId":"banners.png"}],"hotspots":[{"type":"hotspot","x":63,"y":182,"rect":[218,28],"id":"WINDOW","name":"window","parallax":1},{"type":"hotspot","x":-16.6,"y":38,"polygon":[[0,0],[32,41],[31,122],[21,127],[14,126],[3,123],[-3,116],[-4,100]],"id":"STAIRS-down","name":"stairs","parallax":1,"walkToX":57,"walkToY":59}],"obstacleAreas":[{"x":290,"y":71,"polygon":[[0,0],[43,-8],[54,10],[9,18]]}],"walkableAreas":[{"x":0,"y":0,"polygon":[[0,0],[67,94],[347,94],[395,1]]}],"scaling":[[0,1.7],[95,1.2]]},{"id":"kitchen","frameWidth":320,"width":320,"height":200,"background":[{"parallax":1,"imageId":"kitchen-room.png"}],"hotspots":[{"type":"hotspot","x":232,"y":40,"polygon":[[0,0],[20,-8],[84,9],[85,112],[71,110],[64,84]],"id":"STAIRS","name":"stairs out","parallax":1,"walkToX":230,"walkToY":30},{"type":"hotspot","x":32,"y":56,"polygon":[[0,0],[53,-1],[60,6],[54,13],[60,23],[67,25],[68,41],[-14,45],[-17,29],[-3,25],[-4,15],[8,9]],"id":"TABLE","name":"wooden table","parallax":1,"walkToX":50,"walkToY":46}],"obstacleAreas":[{"x":26,"y":52,"polygon":[[0,0],[64,1],[76,24],[76,38],[6,16]]}],"walkableAreas":[{"x":8,"y":2,"polygon":[[0,0],[9,35],[31,64],[64,77],[110,88],[145,88],[193,87],[226,84],[230,65],[218,44],[224,33],[246,26],[299,35],[304,3]]}],"scaling":[[0,1.3],[95,1]]}],"items":[{"type":"item","id":"LID","name":"barrel lid","actorId":"","imageId":"shield-sheet.png","col":1,"row":0},{"type":"item","id":"LID-PITCH","name":"barrel lid","actorId":"","imageId":"shield-sheet.png","col":0,"row":0},{"type":"item","id":"PAN","name":"frying pan","actorId":"","imageId":"pan.png"},{"type":"item","id":"PAN-FAT","name":"frying pan","actorId":"","imageId":"pan-fat.png"},{"type":"item","id":"FIREBALL","name":"fireball","actorId":"","imageId":"FIRE","col":0,"row":0},{"type":"item","id":"HELMET_ITEM","name":"helmet","actorId":"","imageId":"helmet.png"},{"type":"item","id":"LID-SHIELD","name":"improvised shield","actorId":"","imageId":"shield-sheet.png","col":2,"row":0},{"type":"item","id":"WREATH","name":"wooden wreath","actorId":"","imageId":"shield-sheet.png","col":3,"row":0},{"type":"item","id":"KEY","name":"chest key","actorId":"","imageId":"key.png"},{"type":"item","id":"SWORD","name":"sword","actorId":"","imageId":"sword.png"}],"actors":[{"type":"actor","id":"PLAYER","status":"","room":"greathall","x":151,"y":25,"height":64,"width":48,"sprite":"SQUIRE","direction":"down","isPlayer":true,"speed":1,"baseline":3,"dialogueColor":"#000000"},{"type":"actor","id":"KNIGHT","name":"Sir Bobrick","status":"","room":"courtyard","x":175,"y":14,"height":64,"width":48,"sprite":"KNIGHT","direction":"right","filter":"","speed":1,"baseline":0,"dialogueColor":"#e11414"},{"type":"actor","id":"DOORS","name":"double doors","status":"closed","room":"greathall","x":166,"y":63,"height":90,"width":49,"sprite":"DOORS","direction":"left","isPlayer":false,"speed":3,"baseline":59,"dialogueColor":"#000000","soundEffectMap":{"opening":{"soundId":"qubodup-DoorOpen01.ogg","frameIndex":0}},"walkToX":-26,"walkToY":-8},{"type":"actor","id":"DOORS_OUTSIDE","name":"double doors","status":"closed","room":"courtyard","x":85,"y":14,"height":88,"width":55,"sprite":"DOORS","direction":"left","isPlayer":false,"speed":3,"baseline":59,"dialogueColor":"#000000","soundEffectMap":{"opening":{"soundId":"qubodup-DoorOpen01.ogg","frameIndex":0}},"walkToX":32,"walkToY":-10},{"type":"actor","id":"KITCHEN_DOOR","name":"kitchen door","status":"closed","room":"greathall","x":42,"y":41,"height":60,"width":50,"sprite":"PLAIN_DOOR","direction":"left","isPlayer":false,"speed":3,"dialogueColor":"#000000","walkToX":23,"walkToY":-5},{"type":"actor","id":"COOK","name":"Gilbert the cook","status":"","room":"kitchen","x":120,"y":61,"height":64,"width":48,"sprite":"COOK","direction":"left","isPlayer":false,"speed":2,"dialogueColor":"#175e46","walkToX":-41,"walkToY":-15},{"type":"actor","id":"BARREL","name":"barrel","status":"with-lid","room":"kitchen","x":294,"y":1,"height":40,"width":30,"sprite":"BARREL","direction":"left","isPlayer":false,"speed":3,"baseline":2,"dialogueColor":"#000000","walkToX":-25,"walkToY":10},{"type":"actor","id":"MEAT","name":"roasting meat","room":"kitchen","x":185,"y":81,"height":50,"width":55,"sprite":"MEAT","direction":"left","isPlayer":false,"speed":3,"dialogueColor":"#000000","walkToY":-10},{"type":"actor","id":"FIRE","name":"fire","status":"cooking","room":"kitchen","x":183,"y":85,"height":30,"width":30,"sprite":"FIRE","direction":"left","isPlayer":false,"noInteraction":true,"speed":3,"baseline":47,"dialogueColor":"#000000","soundEffectMap":{"cooking":{"soundId":"fire.mp3","volume":0.2}}},{"type":"actor","id":"BUCKET","name":"pitch","room":"courtyard","x":271,"y":18,"height":30,"width":30,"sprite":"BUCKET","direction":"left","isPlayer":false,"speed":3,"dialogueColor":"#000000"},{"type":"actor","id":"PLYNTH","name":"armour stand","room":"upstairs","x":190,"y":62,"height":70,"width":70,"sprite":"ARMOUR","direction":"left","isPlayer":false,"speed":2,"dialogueColor":"#000000","walkToX":40,"walkToY":-2},{"type":"actor","id":"BROKEN_PLYNTH","name":"broken armour","room":"","x":224,"y":25,"height":50,"width":75,"sprite":"SMASHED_ARMOUR","direction":"left","isPlayer":false,"noInteraction":true,"speed":3,"dialogueColor":"#000000"},{"type":"actor","id":"HELMET","name":"helmet","room":"","x":188,"y":19,"height":30,"width":30,"sprite":"HELMET","direction":"left","isPlayer":false,"speed":3,"dialogueColor":"#000000","walkToX":-11},{"type":"actor","id":"WALL_SHIELD","name":"decorative shield","status":"default","room":"greathall","x":107,"y":73,"height":55,"width":50,"sprite":"WALL_SHIELD","direction":"left","isPlayer":false,"speed":3,"dialogueColor":"#000000","walkToX":21,"walkToY":-20},{"type":"actor","id":"CHEST","name":"chest","status":"closed","room":"upstairs","x":318,"y":65,"height":40,"width":50,"sprite":"CHEST","direction":"left","isPlayer":false,"speed":3,"baseline":5,"dialogueColor":"#000000","walkToX":-30,"walkToY":-6}],"interactions":[{"verbId":"WALK","targetId":"DOORS_OUTSIDE","targetStatus":"open","mustReachFirst":false,"consequences":[{"type":"changeRoom","roomId":"greathall","takePlayer":true,"x":160,"y":30}]},{"verbId":"WALK","targetId":"DOORS","roomId":"greathall","targetStatus":"open","mustReachFirst":true,"consequences":[{"type":"changeRoom","roomId":"courtyard","takePlayer":true,"x":140,"y":4}]},{"verbId":"OPEN","targetId":"DOORS","targetStatus":"closed","mustReachFirst":true,"consequences":[{"type":"sequence","sequence":"OPEN_DOORS"}]},{"verbId":"CLOSE","targetId":"DOORS","targetStatus":"open","mustReachFirst":true,"consequences":[{"type":"sequence","sequence":"CLOSE_DOORS"}]},{"verbId":"OPEN","targetId":"DOORS_OUTSIDE","targetStatus":"closed","mustReachFirst":true,"consequences":[{"type":"sequence","sequence":"OPEN_DOORS"}]},{"verbId":"CLOSE","targetId":"DOORS_OUTSIDE","targetStatus":"open","mustReachFirst":true,"consequences":[{"type":"sequence","sequence":"CLOSE_DOORS"}]},{"verbId":"TALK","targetId":"KNIGHT","consequences":[{"type":"sequence","sequence":"FIRST_TALK_WITH_KNIGHT"},{"type":"flag","on":true,"flag":"had first talk with knight"}],"flagsThatMustBeFalse":["had first talk with knight"]},{"verbId":"WALK","targetId":"stairs-up","mustReachFirst":true,"consequences":[{"type":"changeRoom","roomId":"upstairs","takePlayer":true,"x":60,"y":60}]},{"verbId":"WALK","targetId":"STAIRS-down","mustReachFirst":true,"consequences":[{"type":"changeRoom","roomId":"greathall","takePlayer":true,"x":270,"y":38}]},{"verbId":"OPEN","targetId":"KITCHEN_DOOR","targetStatus":"closed","mustReachFirst":true,"consequences":[{"type":"order","actorId":"KITCHEN_DOOR","orders":[{"type":"act","steps":[{"animation":"opening","duration":100,"reverse":false}]}]},{"type":"changeStatus","targetId":"KITCHEN_DOOR","targetType":"actor","status":"open"},{"type":"soundEffect","sound":"qubodup-DoorOpen03.ogg","volume":1}]},{"verbId":"CLOSE","targetId":"KITCHEN_DOOR","targetStatus":"open","mustReachFirst":true,"consequences":[{"type":"order","actorId":"KITCHEN_DOOR","orders":[{"type":"act","steps":[{"animation":"closing","duration":100,"reverse":false}]}]},{"type":"changeStatus","targetId":"KITCHEN_DOOR","targetType":"actor","status":"closed"},{"type":"soundEffect","sound":"qubodup-DoorClose02.ogg","volume":1}]},{"verbId":"WALK","targetId":"KITCHEN_DOOR","targetStatus":"open","mustReachFirst":true,"consequences":[{"type":"changeRoom","roomId":"kitchen","takePlayer":true,"x":230,"y":30}]},{"verbId":"OPEN","targetId":"BARREL","targetStatus":"with-lid","mustReachFirst":true,"consequences":[{"type":"sequence","sequence":"TAKE_BARREL_LID"}]},{"verbId":"TAKE","targetId":"BARREL","targetStatus":"with-lid","mustReachFirst":true,"consequences":[{"type":"sequence","sequence":"TAKE_BARREL_LID"}]},{"verbId":"WALK","targetId":"STAIRS","roomId":"kitchen","mustReachFirst":true,"consequences":[{"type":"changeRoom","roomId":"greathall","takePlayer":true,"x":60,"y":32}]},{"verbId":"TALK","targetId":"COOK","mustReachFirst":true,"consequences":[{"type":"order","actorId":"COOK","orders":[{"type":"say","text":"What do you want?","time":250}]},{"type":"conversation","conversationId":"WITH COOK"}]},{"verbId":"USE","targetId":"MEAT","itemId":"PAN","mustReachFirst":true,"consequences":[{"type":"order","actorId":"","orders":[{"type":"say","text":"Now I have a pan of rapidly congealing lard.","time":250}]},{"type":"inventory","itemId":"PAN","addOrRemove":"REMOVE"},{"type":"inventory","itemId":"PAN-FAT","addOrRemove":"ADD"}]},{"verbId":"LOOK","targetId":"BUCKET","consequences":[{"type":"order","actorId":"PLAYER","orders":[{"type":"say","text":"It's a bucket of black pitch. That guy from the village is supposed to fix the roof with it today.","time":250}]}]},{"verbId":"USE","targetId":"BUCKET","itemId":"LID","mustReachFirst":true,"consequences":[{"type":"inventory","itemId":"LID","addOrRemove":"REMOVE"},{"type":"inventory","itemId":"LID-PITCH","addOrRemove":"ADD"},{"type":"order","actorId":"PLAYER","orders":[{"type":"say","text":"Okay... the bottom of barrel lid is now covered in black pitch.","time":250}]}]},{"verbId":"PUSH","targetId":"PLYNTH","targetStatus":"","mustReachFirst":true,"consequences":[{"type":"sequence","sequence":"PUSH_ARMOUR_STUCK"}],"flagsThatMustBeFalse":["greased-plynth"]},{"verbId":"USE","targetId":"PLYNTH","itemId":"PAN-FAT","mustReachFirst":true,"consequences":[{"type":"flag","on":true,"flag":"greased-plynth"},{"type":"order","actorId":"PLAYER","orders":[{"type":"say","text":"Okay, I've smeared lard all over the base.","time":250}]}],"flagsThatMustBeFalse":["greased-plynth"]},{"verbId":"PUSH","targetId":"PLYNTH","consequences":[{"type":"sequence","sequence":"PUSH_ARMOUR_GREASED"}],"flagsThatMustBeTrue":["greased-plynth"]},{"verbId":"TAKE","targetId":"HELMET","mustReachFirst":true,"consequences":[{"type":"order","actorId":"PLAYER","orders":[{"type":"say","text":"Got it!","time":200}]},{"type":"inventory","itemId":"HELMET_ITEM","addOrRemove":"ADD"},{"type":"removeActor","actorId":"HELMET"}]},{"verbId":"LOOK","targetId":"WALL_SHIELD","targetStatus":"default","consequences":[{"type":"order","actorId":"PLAYER","orders":[{"type":"say","text":"It shows the family heraldry. Pretty shoddy work..","time":250},{"type":"say","text":"That wreath is hardly staying on.","time":250}]}]},{"verbId":"LOOK","targetId":"WALL_SHIELD","targetStatus":"broken","consequences":[{"type":"order","actorId":"","orders":[{"type":"say","text":"It's broken... oops!","time":250}]}]},{"verbId":"PULL","targetId":"WALL_SHIELD","targetStatus":"default","mustReachFirst":true,"consequences":[{"type":"inventory","itemId":"WREATH","addOrRemove":"ADD"},{"type":"changeStatus","targetId":"WALL_SHIELD","targetType":"actor","status":"broken"},{"type":"order","actorId":"PLAYER","orders":[{"type":"say","text":"The wreath thing broke off!","time":250},{"type":"say","text":"Were you expecting it to open a secret door or something?","time":250}]}]},{"verbId":"TAKE","targetId":"WALL_SHIELD","consequences":[{"type":"order","actorId":"PLAYER","orders":[{"type":"say","text":"It can't lift the whole thing off the wall... besides, its only decorative.","time":250}]}]},{"verbId":"USE","targetId":"LID","itemId":"WREATH","consequences":[{"type":"order","actorId":"PLAYER","orders":[{"type":"say","text":"It's the right design for the shield, but this lid isn't black.","time":250},{"type":"say","text":"Also, there's nothing to make the wreath stick to it.","time":250}]}]},{"verbId":"USE","targetId":"LID-PITCH","itemId":"WREATH","consequences":[{"type":"order","actorId":"PLAYER","orders":[{"type":"act","steps":[{"animation":"spin","duration":150,"reverse":false}]},{"type":"say","text":"It sort of looks like a shield!","time":250},{"type":"say","text":"Like a sticky shield...","time":250}]},{"type":"inventory","itemId":"LID-PITCH","addOrRemove":"REMOVE"},{"type":"inventory","itemId":"WREATH","addOrRemove":"REMOVE"},{"type":"inventory","itemId":"LID-SHIELD","addOrRemove":"ADD"}]},{"verbId":"TALK","targetId":"KNIGHT","roomId":"","consequences":[{"type":"conversation","conversationId":"WITH_KNIGHT"}],"flagsThatMustBeTrue":["had first talk with knight"]},{"verbId":"OPEN","targetId":"CHEST","targetStatus":"closed","mustReachFirst":true,"consequences":[{"type":"order","actorId":"PLAYER","orders":[{"type":"say","text":"It's locked.","time":250},{"type":"say","text":"Maybe Sir Bobrick has the key?","time":250}]},{"type":"conversationChoice","on":true,"conversationId":"WITH_KNIGHT","branchId":"start","choiceRef":"ask for key"}]},{"verbId":"USE","targetId":"CHEST","itemId":"KEY","targetStatus":"closed","mustReachFirst":true,"consequences":[{"type":"sequence","sequence":"OPEN_CHEST"}]},{"verbId":"GIVE","targetId":"KNIGHT","itemId":"SWORD","consequences":[{"type":"sequence","sequence":"GIVE_SWORD"},{"type":"sequence","sequence":"ALL_THINGS_GIVEN"}],"flagsThatMustBeFalse":[],"flagsThatMustBeTrue":["given shield","given helemt"]},{"verbId":"GIVE","targetId":"KNIGHT","itemId":"LID-SHIELD","consequences":[{"type":"sequence","sequence":"GIVE_SHIELD"},{"type":"sequence","sequence":"ALL_THINGS_GIVEN"}],"flagsThatMustBeTrue":["given sword","given helemt"]},{"verbId":"GIVE","targetId":"KNIGHT","itemId":"HELMET_ITEM","consequences":[{"type":"sequence","sequence":"GIVE_HELMET"},{"type":"sequence","sequence":"ALL_THINGS_GIVEN"}],"flagsThatMustBeTrue":["given shield","given sword"]},{"verbId":"GIVE","targetId":"KNIGHT","itemId":"LID-SHIELD","consequences":[{"type":"sequence","sequence":"GIVE_SHIELD"}]},{"verbId":"GIVE","targetId":"KNIGHT","itemId":"HELMET_ITEM","consequences":[{"type":"sequence","sequence":"GIVE_HELMET"}],"flagsThatMustBeTrue":[]},{"verbId":"GIVE","targetId":"KNIGHT","itemId":"SWORD","consequences":[{"type":"sequence","sequence":"GIVE_SWORD"}]}],"conversations":[{"id":"WITH COOK","branches":{"start":{"choices":[{"text":"What's cooking?","sequence":""},{"text":"goodbye","sequence":"","end":true},{"ref":"ask for pan","text":"Can I have a pan to catch some of the fat dripping off that roast?","sequence":"CONV_COOK_ASK_FOR_PAN","once":true,"disabled":true},{"text":"Why do you let the fat from the roast drip all over the floor?","sequence":"CONV_COOK_WHY_DRIPPING_FAT","once":true,"enablesChoices":[{"choiceRef":"ask for pan"}]}]}},"defaultBranch":"start"},{"id":"GET_JOBS","branches":{"start":{"choices":[{"text":"Do I have a choice?","sequence":"GET_JOBS-start-0","nextBranch":"branch2"},{"text":"Of course, Sir Bobrick!","sequence":"","nextBranch":"branch2","end":false}]},"branch2":{"choices":[{"text":"Uh.. could you repeat that?","sequence":"GET_JOBS-branch2-0","end":false},{"text":"Okay, sword, helmet, shield - got it!","sequence":"","end":true}]}},"defaultBranch":"start"},{"id":"WITH_KNIGHT","branches":{"start":{"choices":[{"text":"What am I supposed to be doing again?","sequence":"WITH_KNIGHT-start-0"},{"ref":"ask for key","text":"Do you have the key to the chest upstairs?","sequence":"WITH_KNIGHT-start-1","once":true,"disabled":true},{"text":"goodbye","sequence":"","end":true}]}},"defaultBranch":"start"}],"flagMap":{"greased-plynth":{"value":false,"default":false,"description":""},"had first talk with knight":{"value":false,"default":false},"given sword":{"value":false,"default":false},"given shield":{"value":false,"default":false},"given helemt":{"value":false,"default":false}},"currentRoomId":"courtyard","id":"CASTLE_LIFE","verbs":[{"id":"WALK","label":"walk to","isMoveVerb":true},{"id":"LOOK","label":"look at"},{"id":"USE","label":"use","preposition":"with"},{"id":"TAKE","label":"pick up"},{"id":"TALK","label":"talk to"},{"id":"GIVE","label":"give","preposition":"to"},{"id":"OPEN","label":"open","defaultResponseNoItem":"I can't open that.","defaultResponseCannotReach":"Its too far away to $VERB."},{"id":"CLOSE","label":"close","defaultResponseNoItem":"I can't shut that.","defaultResponseCannotReach":"Its too far away to $VERB."},{"id":"PUSH","label":"push","defaultResponseNoItem":"I can't move it."},{"id":"PULL","label":"pull","defaultResponseNoItem":"I can't move it.","defaultResponseCannotReach":"I can't move it from here."}],"sequences":[{"id":"OPEN_DOORS","description":"open the doors in the great hall","stages":[{"actorOrders":{"DOORS":[{"type":"act","steps":[{"animation":"opening","duration":200,"reverse":false}]}],"DOORS_OUTSIDE":[{"type":"act","steps":[{"animation":"opening","duration":100,"reverse":false}]}]},"immediateConsequences":[{"type":"changeStatus","targetId":"DOORS","targetType":"actor","status":"open"},{"type":"changeStatus","targetId":"DOORS_OUTSIDE","targetType":"actor","status":"open"},{"type":"soundEffect","sound":"qubodup-DoorOpen01.ogg","volume":1}]}]},{"id":"CLOSE_DOORS","description":"close the doors in the great hall","stages":[{"actorOrders":{"DOORS":[{"type":"act","steps":[{"animation":"closing","duration":100,"reverse":false}]}],"DOORS_OUTSIDE":[{"type":"act","steps":[{"animation":"closing","duration":100,"reverse":false}]}]},"immediateConsequences":[{"type":"changeStatus","targetId":"DOORS","targetType":"actor","status":"closed"},{"type":"changeStatus","targetId":"DOORS_OUTSIDE","targetType":"actor","status":"closed"}]},{"actorOrders":{},"immediateConsequences":[{"type":"soundEffect","sound":"qubodup-DoorClose01.ogg","volume":1}]}]},{"id":"TAKE_BARREL_LID","description":"","stages":[{"actorOrders":{"PLAYER":[{"type":"act","steps":[{"animation":"walk","duration":100,"reverse":false}]},{"type":"say","animation":"talk","text":"it's heavy...","time":100},{"type":"act","steps":[{"animation":"walk","duration":100,"reverse":false}]}]},"immediateConsequences":[]},{"actorOrders":{"PLAYER":[{"type":"say","animation":"talk","text":"I got the lid off!","time":100}]},"immediateConsequences":[{"type":"changeStatus","targetId":"BARREL","targetType":"actor","status":"no-lid"},{"type":"inventory","itemId":"LID","addOrRemove":"ADD"}]},{"actorOrders":{"COOK":[{"type":"say","animation":"talk","text":"Great. Now those pickles will go bad.","time":100}]},"immediateConsequences":[]}]},{"id":"CONV_COOK_ASK_FOR_PAN","description":"","stages":[{"actorOrders":{"PLAYER":[{"type":"say","animation":"talk","text":"Can I get a pan to catch some of the fat dripping off that roast?","time":250}]},"immediateConsequences":[]},{"actorOrders":{"COOK":[{"type":"say","animation":"talk","text":"Why?","time":250},{"type":"say","animation":"talk","text":"Sir Bobrick hates yorkshire puddings","time":250}]},"immediateConsequences":[]},{"actorOrders":{"PLAYER":[{"type":"say","animation":"talk","text":"I know.","time":200},{"type":"say","animation":"talk","text":"But this way, I'll have less grease to scrub off the fire place tonight.","time":250}]},"immediateConsequences":[]},{"actorOrders":{"COOK":[{"type":"say","animation":"talk","text":"Okay, fine.","time":250},{"type":"act","steps":[{"animation":"spin","duration":100,"reverse":false}]},{"type":"say","animation":"talk","text":"here.","time":200}]},"immediateConsequences":[{"type":"inventory","itemId":"PAN","addOrRemove":"ADD"}]}]},{"id":"CONV_COOK_WHY_DRIPPING_FAT","description":"","stages":[{"actorOrders":{"PLAYER":[{"type":"say","animation":"talk","text":"Why do you let the fat from that roast fall on the floor like that?","time":250}]},"immediateConsequences":[{"type":"changeStatus","targetId":"","targetType":"actor","status":""}]},{"actorOrders":{"COOK":[{"type":"say","animation":"talk","text":"Because it's your job to scrub the floor, not mine.","time":250},{"type":"say","animation":"talk","text":"Before the old master died, I used to make a batter out of eggs and flour and put a pan of it under the meat.","time":250},{"type":"say","animation":"talk","text":"The hot fat would fall in and cook the batter into yorkshire puddings.","time":250},{"type":"say","animation":"talk","text":"But the new master doesn't like them.","time":250},{"type":"say","animation":"talk","text":"So you get to clean the fat off the floor every night.","time":250}]},"immediateConsequences":[{"type":"changeStatus","targetId":"","targetType":"actor","status":""}]}]},{"id":"OPENING","description":"","stages":[{"actorOrders":{"KNIGHT":[{"type":"say","animation":"talk","text":"Squire!","time":250}]},"immediateConsequences":[]},{"actorOrders":{},"immediateConsequences":[{"type":"changeRoom","roomId":"greathall","takePlayer":false,"x":0,"y":0}]},{"actorOrders":{"PLAYER":[{"type":"say","animation":"talk","text":"I'd better go to the courtyard and see what Sir Bobrick wants.","time":250}]},"immediateConsequences":[]}]},{"id":"PUSH_ARMOUR_STUCK","description":"","stages":[{"actorOrders":{"PLAYER":[{"type":"act","steps":[{"animation":"walk","duration":50,"reverse":false}]}]},"immediateConsequences":[]},{"actorOrders":{"PLAYER":[{"type":"act","steps":[{"animation":"spin","duration":100,"reverse":false}]}],"PLYNTH":[{"type":"act","steps":[{"animation":"turn-and-drop","duration":100,"reverse":false}]}]},"immediateConsequences":[]},{"actorOrders":{"PLAYER":[{"type":"say","text":"It's too heavy!","time":250},{"type":"say","text":"If only there was a way to make it glide across the floor more easily...","time":250}]},"immediateConsequences":[]}]},{"id":"PUSH_ARMOUR_GREASED","description":"","stages":[{"actorOrders":{"PLAYER":[{"type":"act","steps":[{"animation":"walk","duration":50,"reverse":false}]}]},"immediateConsequences":[]},{"actorOrders":{"PLAYER":[{"type":"act","steps":[{"animation":"walk","duration":50,"reverse":false}]}],"PLYNTH":[{"type":"act","steps":[{"animation":"turn","duration":50,"reverse":false}]}]},"immediateConsequences":[]},{"actorOrders":{"PLYNTH":[{"type":"move","steps":[{"animation":"sliding","x":61,"y":61,"speed":50}]}]},"immediateConsequences":[]},{"actorOrders":{},"immediateConsequences":[{"type":"removeActor","actorId":"PLYNTH"},{"type":"soundEffect","sound":"beep","volume":1},{"type":"teleportActor","actorId":"BROKEN_PLYNTH","roomId":"greathall","x":224,"y":25},{"type":"teleportActor","actorId":"HELMET","roomId":"greathall","x":188,"y":19},{"type":"toggleZone","roomId":"greathall","on":true,"ref":"armour","zoneType":"obstacle"}]}]},{"id":"GET_JOBS-start-0","description":"test","stages":[{"actorOrders":{"PLAYER":[{"type":"say","text":"Do I have a choice?","time":250}]},"immediateConsequences":[]},{"actorOrders":{"KNIGHT":[{"type":"say","text":"No.","time":250}]},"immediateConsequences":[]}]},{"id":"GET_JOBS-branch2-0","description":"","stages":[{"actorOrders":{"PLAYER":[{"type":"say","text":"Uh.. could you repeat that?","time":250}]},"immediateConsequences":[]},{"actorOrders":{"KNIGHT":[{"type":"say","text":"Are you deaf?","time":250},{"type":"say","text":"I said fetch my sword, helmet and shield.","time":250}]},"immediateConsequences":[]}]},{"id":"FIRST_TALK_WITH_KNIGHT","description":"","stages":[{"actorOrders":{"KNIGHT":[{"type":"say","text":"Ah, there you are, squire!","time":200},{"type":"say","text":"I have a job for you. I'm going on a quest and I want you to fetch my armaments.","time":250},{"type":"say","text":"I need my sword, helmet and a new shield.","time":250}]},"immediateConsequences":[]},{"actorOrders":{},"immediateConsequences":[{"type":"conversation","conversationId":"GET_JOBS"}]}]},{"id":"WITH_KNIGHT-start-0","description":"","stages":[{"actorOrders":{"PLAYER":[{"type":"say","text":"What am I supposed to be doing again?","time":250}]},"immediateConsequences":[]},{"actorOrders":{"KNIGHT":[{"type":"say","text":"Fetch my sword, my helmet and my shield.","time":250}]},"immediateConsequences":[]}]},{"id":"WITH_KNIGHT-start-1","description":"","stages":[{"actorOrders":{"PLAYER":[{"type":"say","text":"Do you have the key to the chest upstairs?","time":250}]},"immediateConsequences":[]},{"actorOrders":{"KNIGHT":[{"type":"say","text":"Yes, yes. here you go.","time":250}]},"immediateConsequences":[{"type":"inventory","itemId":"KEY","addOrRemove":"ADD"}]}]},{"id":"OPEN_CHEST","description":"","stages":[{"actorOrders":{},"immediateConsequences":[{"type":"changeStatus","targetId":"CHEST","targetType":"actor","status":"open-sword"},{"type":"soundEffect","sound":"qubodup-DoorOpen01.ogg","volume":1}]},{"actorOrders":{"PLAYER":[{"type":"say","text":"Ah ha!","time":250}]},"immediateConsequences":[]},{"actorOrders":{},"immediateConsequences":[{"type":"changeStatus","targetId":"CHEST","targetType":"actor","status":"open-empty"},{"type":"inventory","itemId":"SWORD","addOrRemove":"ADD"}]}]},{"id":"GIVE_SWORD","description":"","stages":[{"actorOrders":{"KNIGHT":[{"type":"say","text":"Ah, my sword!","time":250}]},"immediateConsequences":[{"type":"inventory","itemId":"SWORD","actorId":"PLAYER","addOrRemove":"REMOVE"},{"type":"flag","on":true,"flag":"given sword"}]}]},{"id":"GIVE_SHIELD","description":"","stages":[{"actorOrders":{"KNIGHT":[{"type":"say","text":"My Shield..? smells like vinegar.","time":250}]},"immediateConsequences":[{"type":"inventory","itemId":"LID-SHIELD","actorId":"PLAYER","addOrRemove":"REMOVE"},{"type":"flag","on":true,"flag":"given shield"}]}]},{"id":"GIVE_HELMET","description":"","stages":[{"actorOrders":{"KNIGHT":[{"type":"say","text":"This looks like my late father's antique helmet.","time":250},{"type":"say","text":"I didn't know I had one too!","time":250}]},"immediateConsequences":[{"type":"inventory","itemId":"HELMET_ITEM","actorId":"PLAYER","addOrRemove":"REMOVE"},{"type":"flag","on":true,"flag":"given helemt"}]}]},{"id":"ALL_THINGS_GIVEN","description":"","stages":[{"actorOrders":{"KNIGHT":[{"type":"say","text":"I now have all three things!","time":250},{"type":"goTo","speed":2,"targetId":"MAIN_GATE","animation":""}]},"immediateConsequences":[]},{"actorOrders":{"PLAYER":[{"type":"say","text":"I guess that's that.","time":250},{"type":"act","steps":[{"animation":"spin","duration":100,"reverse":false}]},{"type":"say","text":"Unless I join the quest...","time":250}]},"immediateConsequences":[{"type":"removeActor","actorId":"KNIGHT"}]},{"actorOrders":{"PLAYER":[{"type":"say","text":"nah.","time":250}]},"immediateConsequences":[{"type":"ending","endingId":"GAME_OVER"}]}]}],"sprites":[{"id":"DOORS","defaultDirection":"down","animations":{"default":{"down":[{"imageId":"DOUBLE_DOORS","row":0,"col":1}]},"opening":{"down":[{"imageId":"DOUBLE_DOORS","row":0,"col":1},{"imageId":"DOUBLE_DOORS","row":0,"col":2},{"imageId":"DOUBLE_DOORS","row":0,"col":3},{"imageId":"DOUBLE_DOORS","row":0,"col":4}]},"closing":{"down":[{"imageId":"DOUBLE_DOORS","row":0,"col":4},{"imageId":"DOUBLE_DOORS","row":0,"col":3},{"imageId":"DOUBLE_DOORS","row":0,"col":2},{"imageId":"DOUBLE_DOORS","row":0,"col":1}]},"closed":{"down":[{"imageId":"DOUBLE_DOORS","row":0,"col":1}]},"open":{"down":[{"imageId":"DOUBLE_DOORS","row":0,"col":4}]}}},{"id":"PLAIN_DOOR","defaultDirection":"up","animations":{"default":{"left":[]},"closed":{"left":[{"imageId":"DOORS","row":2,"col":0}]},"open":{"left":[{"imageId":"DOORS","row":0,"col":0}]},"opening":{"left":[{"imageId":"DOORS","row":2,"col":0},{"imageId":"DOORS","row":1,"col":0},{"imageId":"DOORS","row":0,"col":0}]},"closing":{"left":[{"imageId":"DOORS","row":0,"col":0},{"imageId":"DOORS","row":1,"col":0},{"imageId":"DOORS","row":2,"col":0}]}}},{"id":"SQUIRE","defaultDirection":"down","animations":{"default":{"left":[{"imageId":"SQUIRE","row":1,"col":1}],"right":[{"imageId":"SQUIRE","row":2,"col":1}],"up":[{"imageId":"SQUIRE","row":3,"col":1}],"down":[{"imageId":"SQUIRE","row":0,"col":1}]},"walk":{"left":[{"imageId":"SQUIRE","row":1,"col":0},{"imageId":"SQUIRE","row":1,"col":1},{"imageId":"SQUIRE","row":1,"col":2},{"imageId":"SQUIRE","row":1,"col":1}],"right":[{"imageId":"SQUIRE","row":2,"col":0},{"imageId":"SQUIRE","row":2,"col":1},{"imageId":"SQUIRE","row":2,"col":2},{"imageId":"SQUIRE","row":2,"col":1}],"up":[{"imageId":"SQUIRE","row":3,"col":0},{"imageId":"SQUIRE","row":3,"col":1},{"imageId":"SQUIRE","row":3,"col":2},{"imageId":"SQUIRE","row":3,"col":1}],"down":[{"imageId":"SQUIRE","row":0,"col":0},{"imageId":"SQUIRE","row":0,"col":1},{"imageId":"SQUIRE","row":0,"col":2},{"imageId":"SQUIRE","row":0,"col":1}]},"talk":{"down":[{"imageId":"SQUIRE","row":0,"col":1},{"imageId":"SQUIRE-TALK","row":0,"col":0},{"imageId":"SQUIRE-TALK","row":0,"col":1},{"imageId":"SQUIRE-TALK","row":0,"col":2}]},"spin":{"down":[{"imageId":"SQUIRE","row":0,"col":1},{"imageId":"SQUIRE","row":0,"col":0},{"imageId":"SQUIRE","row":1,"col":1},{"imageId":"SQUIRE","row":3,"col":0},{"imageId":"SQUIRE","row":2,"col":0},{"imageId":"SQUIRE","row":0,"col":0},{"imageId":"SQUIRE","row":0,"col":1}]}}},{"id":"KNIGHT","defaultDirection":"left","animations":{"default":{"left":[{"imageId":"KNIGHT","row":3,"col":1}],"right":[{"imageId":"KNIGHT","row":1,"col":1}],"up":[{"imageId":"KNIGHT","row":0,"col":1}],"down":[{"imageId":"KNIGHT","row":2,"col":1}]},"walk":{"left":[{"imageId":"KNIGHT","row":3,"col":0},{"imageId":"KNIGHT","row":3,"col":1},{"imageId":"KNIGHT","row":3,"col":2},{"imageId":"KNIGHT","row":3,"col":1}],"right":[{"imageId":"KNIGHT","row":1,"col":0},{"imageId":"KNIGHT","row":1,"col":1},{"imageId":"KNIGHT","row":1,"col":2},{"imageId":"KNIGHT","row":1,"col":1}],"up":[{"imageId":"KNIGHT","row":0,"col":0},{"imageId":"KNIGHT","row":0,"col":1},{"imageId":"KNIGHT","row":0,"col":2},{"imageId":"KNIGHT","row":0,"col":1}],"down":[{"imageId":"KNIGHT","row":2,"col":0},{"imageId":"KNIGHT","row":2,"col":1},{"imageId":"KNIGHT","row":2,"col":2},{"imageId":"KNIGHT","row":2,"col":1}]}}},{"id":"COOK","defaultDirection":"left","animations":{"default":{"left":[{"imageId":"COOK","row":3,"col":1}],"right":[{"imageId":"COOK","row":1,"col":1}],"up":[{"imageId":"COOK","row":0,"col":1}],"down":[{"imageId":"COOK","row":2,"col":1}]},"walk":{"left":[{"imageId":"COOK","row":3,"col":0},{"imageId":"COOK","row":3,"col":1},{"imageId":"COOK","row":3,"col":2},{"imageId":"COOK","row":3,"col":1}],"right":[{"imageId":"COOK","row":1,"col":0},{"imageId":"COOK","row":1,"col":1},{"imageId":"COOK","row":1,"col":2},{"imageId":"COOK","row":1,"col":1}],"up":[{"imageId":"COOK","row":0,"col":2},{"imageId":"COOK","row":0,"col":0}],"down":[{"imageId":"COOK","row":2,"col":0},{"imageId":"COOK","row":2,"col":2}]},"talk":{"left":[{"imageId":"COOK-TALK","row":3,"col":0},{"imageId":"COOK","row":3,"col":1},{"imageId":"COOK-TALK","row":3,"col":1},{"imageId":"COOK-TALK","row":3,"col":2},{"imageId":"COOK","row":3,"col":1}]},"spin":{"left":[{"imageId":"COOK","row":2,"col":1},{"imageId":"COOK","row":2,"col":2},{"imageId":"COOK","row":3,"col":1},{"imageId":"COOK","row":0,"col":2},{"imageId":"COOK","row":1,"col":1},{"imageId":"COOK","row":2,"col":2},{"imageId":"COOK","row":2,"col":1}]}}},{"id":"BARREL","defaultDirection":"left","animations":{"default":{"left":[{"imageId":"BARREL-WITH-LID","row":0,"col":0}]},"with-lid":{"left":[{"imageId":"BARRELL-LID","row":0,"col":0}]},"no-lid":{"left":[{"imageId":"BARRELL","row":0,"col":0}]}}},{"id":"MEAT","defaultDirection":"left","animations":{"default":{"left":[{"imageId":"MEAT","row":0,"col":0},{"imageId":"MEAT","row":0,"col":1},{"imageId":"MEAT","row":1,"col":0},{"imageId":"MEAT","row":1,"col":1}]}}},{"id":"FIRE","defaultDirection":"left","animations":{"default":{"left":[{"imageId":"FIRE","row":0,"col":0},{"imageId":"FIRE","row":0,"col":1},{"imageId":"FIRE","row":0,"col":2},{"imageId":"FIRE","row":0,"col":3},{"imageId":"FIRE","row":0,"col":4}]}}},{"id":"BUCKET","defaultDirection":"left","animations":{"default":{"left":[{"imageId":"BUCKET","row":0,"col":0}]}}},{"id":"ARMOUR","defaultDirection":"left","animations":{"default":{"left":[{"imageId":"armour-stand.png","row":3,"col":0}]},"turn-and-drop":{"left":[{"imageId":"armour-stand.png","row":3,"col":0},{"imageId":"armour-stand.png","row":0,"col":0},{"imageId":"armour-stand.png","row":1,"col":0},{"imageId":"armour-stand.png","row":2,"col":0},{"imageId":"armour-stand.png","row":4,"col":0},{"imageId":"armour-stand.png","row":5,"col":0},{"imageId":"armour-stand.png","row":4,"col":0}]},"turn":{"left":[{"imageId":"armour-stand.png","row":3,"col":0},{"imageId":"armour-stand.png","row":0,"col":0},{"imageId":"armour-stand.png","row":1,"col":0},{"imageId":"armour-stand.png","row":2,"col":0}]},"sliding":{"left":[{"imageId":"armour-stand.png","row":2,"col":0},{"imageId":"armour-stand.png","row":1,"col":0},{"imageId":"armour-stand.png","row":0,"col":0},{"imageId":"armour-stand.png","row":1,"col":0}]}}},{"id":"SMASHED_ARMOUR","defaultDirection":"left","animations":{"default":{"left":[{"imageId":"smashed.png","row":0,"col":0}]}}},{"id":"HELMET","defaultDirection":"left","animations":{"default":{"left":[{"imageId":"helmet.png","row":0,"col":0}]}}},{"id":"CHEST","defaultDirection":"down","animations":{"default":{"left":[{"imageId":"chest.png","row":0,"col":0}]},"closed":{"down":[{"imageId":"chest.png","row":0,"col":0}]},"open-sword":{"down":[{"imageId":"chest.png","row":2,"col":0}]},"open-empty":{"down":[{"imageId":"chest.png","row":1,"col":0}]}}},{"id":"WALL_SHIELD","defaultDirection":"left","animations":{"default":{"left":[{"imageId":"wall-shield.png","row":0,"col":1}]},"broken":{"left":[{"imageId":"wall-shield.png","row":0,"col":0}]}}}],"endings":[{"id":"GAME_OVER","message":"game over"}],"openingSequenceId":"OPENING"}